{"cameraMode":{"drawMode":0,"name":"Shaded","section":"Shading Mode"},"sceneLighting":true,"audioPlay":false,"sceneViewState":{"m_AlwaysRefresh":false,"showFog":true,"showSkybox":true,"showFlares":true,"showImageEffects":true,"showParticleSystems":true,"showVisualEffectGraphs":true,"m_FxEnabled":true},"in2DMode":false,"pivot":{"x":13.727375984191895,"y":6.4303178787231449,"z":0.9192409515380859},"rotation":{"x":0.09765397757291794,"y":-0.001497510471381247,"z":0.0001463868684368208,"w":0.9952222108840942},"size":8.474660873413086,"orthographic":false}